{
  "avg_reprojection_error": 0.32081083148401424,
  "camera_matrix": [
    913.8952592974559,
    0.0,
    607.841737125165,
    0.0,
    910.8680839121604,
    425.4076008524711,
    0.0,
    0.0,
    1.0
  ],
  "distortion_coefficients": [
    0.05105460504616494,
    0.1798949475445872,
    0.0009350846226257937,
    0.002824389088251782,
    -0.6873574715324221,
    0.025177795889847684,
    0.0061716923452126305,
    0.03045399055823568
  ]
}
